"0","jsonData$owner$login"
"1"," [1]"
"1"," ""jtleek"""
"1"," ""jtleek"""
"1"," ""jtleek"""
"1"," ""jtleek"""
"1"," ""jtleek"""
"1"," ""jtleek"""
"1"," ""jtleek"""
"1"," ""jtleek"""
"1"," ""jtleek"""
"1"," ""jtleek"""
"1"," ""jtleek"""
"1","
"
"1","[12]"
"1"," ""jtleek"""
"1"," ""jtleek"""
"1"," ""jtleek"""
"1"," ""jtleek"""
"1"," ""jtleek"""
"1"," ""jtleek"""
"1"," ""jtleek"""
"1"," ""jtleek"""
"1"," ""jtleek"""
"1"," ""jtleek"""
"1"," ""jtleek"""
"1","
"
"1","[23]"
"1"," ""jtleek"""
"1"," ""jtleek"""
"1"," ""jtleek"""
"1"," ""jtleek"""
"1"," ""jtleek"""
"1"," ""jtleek"""
"1"," ""jtleek"""
"1"," ""jtleek"""
"1","
"
